Label,# Samples,Average,Median,90% Line,95% Line,99% Line,Min,Max,Error %,Throughput,Received KB/sec,Sent KB/sec
HTTP Request,200,324,230,603,1148,1344,107,2189,100.000%,3.33333,104.49,0.48
TOTAL,200,324,230,603,1148,1344,107,2189,100.000%,3.33333,104.49,0.48
